{
    "installed": {
        "client_id": "271192898771-ftu9eo5ouv5sg4upkq5puist7auoqh5s.apps.googleusercontent.com",
        "project_id": "adept-parsec-390920",
        "auth_uri": "https://accounts.google.com/o/oauth2/auth",
        "token_uri": "https://oauth2.googleapis.com/token",
        "auth_provider_x509_cert_url": "https://www.googleapis.com/oauth2/v1/certs",
        "client_secret": "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",
        "redirect_uris": [
            "http://localhost"
        ]
    }
}